{
    "E11": 197043.24736600154,
    "E22": 197043.24736600154,
    "E33": 199022.1439999915,
    "G23": 76293.12,
    "G13": 76293.12,
    "G12": 75889.52,
    "niu12": 0.29822299344048214,
    "niu13": 0.2970169654444451,
    "niu23": 0.2970169654444451,
    "stiffness_matrix": [
        [
            264063.49999999994,
            112284.3,
            112904.3,
            -1.883012e-11,
            -3.6609100000000003e-09,
            -9.447178999999999e-08
        ],
        [
            112284.3,
            264063.49999999994,
            112904.3,
            -1.5016139999999998e-11,
            -1.1559970000000001e-08,
            -5.887038e-08
        ],
        [
            112904.3,
            112904.3,
            266764.7,
            -1.89937e-11,
            -4.580195e-09,
            -4.6615639999999996e-08
        ],
        [
            -8.76336e-13,
            1.7161979999999998e-11,
            5.1992779999999995e-11,
            76293.12,
            -1.996933e-08,
            -7.645266e-09
        ],
        [
            -3.657898e-09,
            -1.15415e-08,
            -4.578169e-09,
            -2.012097e-08,
            76293.12,
            -9.559464e-12
        ],
        [
            -9.438963e-08,
            -5.8937499999999994e-08,
            -4.660887e-08,
            -7.638983e-09,
            -6.97753e-12,
            75889.52
        ]
    ],
    "compliance_matrix": [
        [
            5.075028012213643e-06,
            -1.5134900455966523e-06,
            -1.5073694197332507e-06,
            1.0027137953827861e-21,
            -7.619118929742394e-20,
            4.214364300301177e-18
        ],
        [
            -1.5134900455966523e-06,
            5.075028012213643e-06,
            -1.5073694197332507e-06,
            5.915396442793252e-23,
            6.052880422985329e-19,
            1.1300284699958458e-18
        ],
        [
            -1.5073694197332507e-06,
            -1.5073694197332507e-06,
            5.024566512558737e-06,
            -1.2601162979221674e-21,
            1.063085814548237e-21,
            4.0511695848747903e-20
        ],
        [
            1.0027137953827865e-21,
            5.915396442793257e-23,
            -1.2601162979221676e-21,
            1.3107341789141669e-05,
            3.4438050543038893e-18,
            1.3199179256460372e-18
        ],
        [
            -7.619118929742397e-20,
            6.052880422985329e-19,
            1.0630858145482388e-21,
            3.4438050543038893e-18,
            1.3107341789141669e-05,
            1.4281025405921543e-21
        ],
        [
            4.2143643003011754e-18,
            1.1300284699958456e-18,
            4.051169584874793e-20,
            1.319917925646037e-18,
            1.4281025405921543e-21,
            1.3177050006377692e-05
        ]
    ],
    "C_avg": [
        [
            264063.49999999994,
            112284.3,
            112904.3,
            -9.853228e-12,
            -3.6594040000000004e-09,
            -9.443070999999999e-08
        ],
        [
            112284.3,
            264063.49999999994,
            112904.3,
            1.0729199999999998e-12,
            -1.1550735e-08,
            -5.8903939999999997e-08
        ],
        [
            112904.3,
            112904.3,
            266764.7,
            1.6499539999999997e-11,
            -4.579181999999999e-09,
            -4.6612255e-08
        ],
        [
            -9.853228e-12,
            1.0729199999999998e-12,
            1.6499539999999997e-11,
            76293.12,
            -2.004515e-08,
            -7.6421245e-09
        ],
        [
            -3.6594040000000004e-09,
            -1.1550735e-08,
            -4.579181999999999e-09,
            -2.004515e-08,
            76293.12,
            -8.268497e-12
        ],
        [
            -9.443070999999999e-08,
            -5.8903939999999997e-08,
            -4.6612255e-08,
            -7.6421245e-09,
            -8.268497e-12,
            75889.52
        ]
    ]
}