{
    "E11": 108262.43184223714,
    "E22": 6886.805140550648,
    "E33": 8405.321203926345,
    "G23": 2504.711,
    "G13": 4611.569,
    "G12": 4668.1179999999995,
    "niu12": 0.2779552437193821,
    "niu13": 0.22294500637586478,
    "niu23": 0.4096693722768016,
    "stiffness_matrix": [
        [
            110021.8,
            3427.585,
            3618.17,
            2.15735e-14,
            2.783078e-13,
            1.216269e-09
        ],
        [
            3427.585,
            8767.628999999999,
            4443.143,
            5.926423e-13,
            -5.806946999999999e-14,
            4.900046e-10
        ],
        [
            3618.17,
            4443.143,
            10689.52,
            7.77652e-13,
            3.5043870000000003e-13,
            -8.534416999999999e-12
        ],
        [
            1.27986e-12,
            4.2581239999999995e-12,
            6.211928e-12,
            2504.711,
            1.817251e-10,
            5.937186e-14
        ],
        [
            7.644331e-12,
            1.171741e-13,
            -4.056668e-12,
            1.815944e-10,
            4611.569,
            1.36449e-12
        ],
        [
            1.223129e-09,
            4.905749e-10,
            -8.487729e-12,
            1.189619e-12,
            2.119427e-12,
            4668.1179999999995
        ]
    ],
    "compliance_matrix": [
        [
            9.23681449773109e-06,
            -2.5674210249075664e-06,
            -2.059301667089338e-06,
            2.9597253557716478e-21,
            -8.745444623564604e-21,
            -2.1475207054404062e-18
        ],
        [
            -2.5674210249075655e-06,
            0.0001452052119366402,
            -5.9486128025403334e-05,
            -5.693913792696395e-20,
            -2.2629042472198435e-20,
            -1.4688454100895724e-17
        ],
        [
            -2.059301667089338e-06,
            -5.9486128025403334e-05,
            0.00011897225290246777,
            -1.0786328844381441e-19,
            4.995799243921229e-20,
            7.002768257254328e-18
        ],
        [
            2.9597253557716474e-21,
            -5.693913792696396e-20,
            -1.078632884438144e-19,
            0.00039924765771380414,
            -1.5727235066498023e-17,
            -5.3410890144684466e-20
        ],
        [
            -8.745444623564605e-21,
            -2.2629042472198435e-20,
            4.9957992439212286e-20,
            -1.5727235066498023e-17,
            0.00021684593681673198,
            -8.091839641335915e-20
        ],
        [
            -2.147520705440406e-18,
            -1.4688454100895727e-17,
            7.00276825725433e-18,
            -5.3410890144684466e-20,
            -8.091839641335915e-20,
            0.00021421909214805625
        ]
    ],
    "C_avg": [
        [
            110021.8,
            3427.585,
            3618.17,
            6.5071675e-13,
            3.9613194e-12,
            1.219699e-09
        ],
        [
            3427.585,
            8767.628999999999,
            4443.143,
            2.4253831499999997e-12,
            2.9552315e-14,
            4.9028975e-10
        ],
        [
            3618.17,
            4443.143,
            10689.52,
            3.49479e-12,
            -1.85311465e-12,
            -8.511073e-12
        ],
        [
            6.5071675e-13,
            2.4253831499999997e-12,
            3.49479e-12,
            2504.711,
            1.8165975e-10,
            6.244954299999999e-13
        ],
        [
            3.9613194e-12,
            2.9552315e-14,
            -1.85311465e-12,
            1.8165975e-10,
            4611.569,
            1.7419585e-12
        ],
        [
            1.219699e-09,
            4.9028975e-10,
            -8.511073e-12,
            6.244954299999999e-13,
            1.7419585e-12,
            4668.1179999999995
        ]
    ]
}