{
    "E11": 165000.00225919974,
    "E22": 8400.004972598364,
    "E33": 8400.004972598364,
    "G23": 2799.9999999999995,
    "G13": 5599.999999999999,
    "G12": 5599.999999999999,
    "niu12": 0.33999991630347803,
    "niu13": 0.33999991630347803,
    "niu23": 0.4999998165355537,
    "stiffness_matrix": [
        [
            168977.8,
            5849.704,
            5849.704,
            -3.489752e-15,
            -1.8474109999999998e-13,
            -3.907985e-14
        ],
        [
            5849.704,
            11402.509999999998,
            5802.506,
            -2.4869e-14,
            -1.0850379999999999e-14,
            -3.552713999999999e-15
        ],
        [
            5849.704,
            5802.506,
            11402.509999999998,
            -8.171241e-14,
            7.105427e-14,
            2.893767e-16
        ],
        [
            -1.4210849999999999e-14,
            1.350031e-13,
            8.348877e-14,
            2799.9999999999995,
            -8.272003e-15,
            2.874551e-14
        ],
        [
            1.5987209999999998e-13,
            3.552713999999999e-15,
            1.065814e-14,
            9.735695e-15,
            5599.999999999999,
            3.634377e-14
        ],
        [
            -1.687539e-13,
            2.4869e-14,
            2.842171e-14,
            -4.670967e-14,
            -1.1578069999999998e-14,
            5599.999999999999
        ]
    ],
    "compliance_matrix": [
        [
            6.060605977623519e-06,
            -2.060605525140355e-06,
            -2.060605525140355e-06,
            6.033565830102384e-23,
            2.714827166927003e-23,
            1.2166831680319533e-22
        ],
        [
            -2.0606055251403545e-06,
            0.00011904754857432795,
            -5.952375244617139e-05,
            -2.3289166008614503e-21,
            5.072636886990684e-22,
            -1.1222529905165549e-22
        ],
        [
            -2.060605525140355e-06,
            -5.9523752446171396e-05,
            0.00011904754857432793,
            1.1263660076101575e-21,
            -9.119010501628533e-22,
            -2.301270117111466e-22
        ],
        [
            6.033565830102384e-23,
            -2.3289166008614503e-21,
            1.1263660076101575e-21,
            0.0003571428571428572,
            -4.6673852040816357e-23,
            5.728367346938778e-22
        ],
        [
            2.714827166927004e-23,
            5.072636886990684e-22,
            -9.119010501628533e-22,
            -4.6673852040816357e-23,
            0.0001785714285714286,
            -3.9486128826530634e-22
        ],
        [
            1.2166831680319533e-22,
            -1.1222529905165553e-22,
            -2.3012701171114655e-22,
            5.728367346938778e-22,
            -3.9486128826530634e-22,
            0.0001785714285714286
        ]
    ],
    "C_avg": [
        [
            168977.8,
            5849.704,
            5849.704,
            -8.850301e-15,
            -1.2434500000000001e-14,
            -1.0391687499999999e-13
        ],
        [
            5849.704,
            11402.509999999998,
            5802.506,
            5.506705e-14,
            -3.648832999999999e-15,
            1.0658143e-14
        ],
        [
            5849.704,
            5802.506,
            11402.509999999998,
            8.881800000000025e-16,
            4.0856205e-14,
            1.435554335e-14
        ],
        [
            -8.850301e-15,
            5.506705e-14,
            8.881800000000025e-16,
            2799.9999999999995,
            7.318460000000002e-16,
            -8.982080000000001e-15
        ],
        [
            -1.2434500000000001e-14,
            -3.648832999999999e-15,
            4.0856205e-14,
            7.318460000000002e-16,
            5599.999999999999,
            1.2382850000000001e-14
        ],
        [
            -1.0391687499999999e-13,
            1.0658143e-14,
            1.435554335e-14,
            -8.982080000000001e-15,
            1.2382850000000001e-14,
            5599.999999999999
        ]
    ]
}