{
    "E11": 103324.28322270936,
    "E22": 6660.703405138156,
    "E33": 8405.318731968924,
    "G23": 2273.355,
    "G13": 4164.174,
    "G12": 2691.501,
    "niu12": 0.2551278554212845,
    "niu13": 0.21277594836147068,
    "niu23": 0.3962195515178276,
    "stiffness_matrix": [
        [
            104811.5,
            3046.064,
            3337.2239999999997,
            2.8265149999999997e-13,
            2.197981e-13,
            8.689456e-12
        ],
        [
            3046.064,
            8394.779,
            4250.114,
            2.321811e-13,
            2.0219109999999997e-14,
            1.0539169999999999e-11
        ],
        [
            3337.2239999999997,
            4250.114,
            10588.14,
            6.771587e-14,
            -3.596872e-14,
            5.913652999999999e-12
        ],
        [
            -2.050639e-14,
            2.027915e-13,
            1.085878e-15,
            2273.355,
            2.5440859999999996e-12,
            1.7093589999999998e-13
        ],
        [
            1.783035e-12,
            2.3145739999999997e-13,
            -1.8343219999999998e-14,
            2.675346e-12,
            4164.174,
            1.713906e-13
        ],
        [
            6.481413e-12,
            1.088589e-11,
            5.384125e-12,
            1.233462e-15,
            -1.935326e-13,
            2691.501
        ]
    ],
    "compliance_matrix": [
        [
            9.678266994067207e-06,
            -2.4691955023909684e-06,
            -2.05930243815817e-06,
            -2.90626490534882e-22,
            -2.2662789415462644e-21,
            -1.312641480393115e-20
        ],
        [
            -2.4691955023909692e-06,
            0.00015013429350848838,
            -5.9486142441379166e-05,
            -1.3320459384526515e-20,
            -4.3310745826278906e-21,
            -4.657466546725659e-19
        ],
        [
            -2.0593024381581695e-06,
            -5.9486142441379166e-05,
            0.00011897228789154467,
            4.009311509943181e-21,
            3.068714176051643e-21,
            -7.131135796528839e-21
        ],
        [
            -2.9062649053488193e-22,
            -1.3320459384526512e-20,
            4.00931150994318e-21,
            0.0004398785055567652,
            -2.7567483347419655e-19,
            -1.406902721923965e-20
        ],
        [
            -2.2662789415462644e-21,
            -4.331074582627891e-21,
            3.068714176051643e-21,
            -2.7567483347419655e-19,
            0.00024014366354527933,
            9.8778729753764e-22
        ],
        [
            -1.312641480393115e-20,
            -4.657466546725659e-19,
            -7.13113579652884e-21,
            -1.406902721923965e-20,
            9.877872975376401e-22,
            0.0003715398953966578
        ]
    ],
    "C_avg": [
        [
            104811.5,
            3046.064,
            3337.2239999999997,
            1.31072555e-13,
            1.00141655e-12,
            7.585434500000001e-12
        ],
        [
            3046.064,
            8394.779,
            4250.114,
            2.174863e-13,
            1.25838255e-13,
            1.071253e-11
        ],
        [
            3337.2239999999997,
            4250.114,
            10588.14,
            3.4400874e-14,
            -2.715597e-14,
            5.648889e-12
        ],
        [
            1.31072555e-13,
            2.174863e-13,
            3.4400874e-14,
            2273.355,
            2.6097159999999996e-12,
            8.6084681e-14
        ],
        [
            1.00141655e-12,
            1.25838255e-13,
            -2.715597e-14,
            2.6097159999999996e-12,
            4164.174,
            -1.1070999999999994e-14
        ],
        [
            7.585434500000001e-12,
            1.071253e-11,
            5.648889e-12,
            8.6084681e-14,
            -1.1070999999999994e-14,
            2691.501
        ]
    ]
}