{
    "E11": 181802.23670094312,
    "E22": 177491.67314767357,
    "E33": 198777.92661779805,
    "G23": 72437.05,
    "G13": 73029.84,
    "G12": 68625.20999999999,
    "niu12": 0.297603020705688,
    "niu13": 0.2760468993477815,
    "niu23": 0.27183676338087914,
    "stiffness_matrix": [
        [
            238693.4,
            96558.94,
            102007.8,
            -2.810173e-12,
            -1.288451e-12,
            -2.729338e-08
        ],
        [
            97360.43,
            232891.69999999998,
            101003.9,
            -1.011813e-11,
            -3.88232e-12,
            1.130904e-07
        ],
        [
            101114.7,
            99327.36,
            259925.59999999998,
            -1.095764e-11,
            -5.495058e-12,
            2.573746e-08
        ],
        [
            -2.727041e-12,
            -6.578908999999999e-12,
            -6.60107e-12,
            72437.05,
            1.624722e-08,
            -1.466603e-12
        ],
        [
            -5.024589e-11,
            -5.251806e-10,
            -2.046567e-12,
            1.6248e-08,
            73029.84,
            -8.50444e-12
        ],
        [
            2.9058669999999997e-06,
            4.181124e-07,
            2.5741939999999997e-08,
            -8.945136e-13,
            -3.856186e-12,
            68625.20999999999
        ]
    ],
    "compliance_matrix": [
        [
            5.500482382100486e-06,
            -1.636960172251523e-06,
            -1.5183911064959383e-06,
            -1.6245849941622037e-22,
            -4.0671205786655e-21,
            -1.0845737151312891e-16
        ],
        [
            -1.6369601722515232e-06,
            5.634067121379813e-06,
            -1.531546570946515e-06,
            4.011487048389446e-22,
            1.9751282414729405e-20,
            1.3101025389309394e-17
        ],
        [
            -1.518391106495938e-06,
            -1.5315465709465153e-06,
            5.0307396651880694e-06,
            3.751764431947005e-22,
            -5.8236046660281205e-21,
            3.588610476601036e-17
        ],
        [
            -1.6245849941622037e-22,
            4.0114870483894465e-22,
            3.751764431947005e-22,
            1.3805090074761464e-05,
            -3.0713434337196297e-18,
            2.3748872564624444e-22
        ],
        [
            -4.0671205786655e-21,
            1.9751282414729405e-20,
            -5.82360466602812e-21,
            -3.0713434337196297e-18,
            1.369303287532877e-05,
            1.2331798924852228e-21
        ],
        [
            -1.0845737151312891e-16,
            1.3101025389309388e-17,
            3.5886104766010354e-17,
            2.3748872564624444e-22,
            1.2331798924852228e-21,
            1.4571904406558467e-05
        ]
    ],
    "C_avg": [
        [
            238693.4,
            96959.685,
            101561.25,
            -2.768607e-12,
            -2.57671705e-11,
            1.43928681e-06
        ],
        [
            96959.685,
            232891.69999999998,
            100165.63,
            -8.348519499999999e-12,
            -2.6453146e-10,
            2.656014e-07
        ],
        [
            101561.25,
            100165.63,
            259925.59999999998,
            -8.779355e-12,
            -3.7708125e-12,
            2.5739699999999998e-08
        ],
        [
            -2.768607e-12,
            -8.348519499999999e-12,
            -8.779355e-12,
            72437.05,
            1.6247610000000002e-08,
            -1.1805583e-12
        ],
        [
            -2.57671705e-11,
            -2.6453146e-10,
            -3.7708125e-12,
            1.6247610000000002e-08,
            73029.84,
            -6.180313e-12
        ],
        [
            1.43928681e-06,
            2.656014e-07,
            2.5739699999999998e-08,
            -1.1805583e-12,
            -6.180313e-12,
            68625.20999999999
        ]
    ]
}