{
    "E11": 165000.00225919974,
    "E22": 8400.004972598364,
    "E33": 8400.004972598364,
    "G23": 2799.9999999999995,
    "G13": 5599.999999999999,
    "G12": 5599.999999999999,
    "niu12": 0.33999991630347803,
    "niu13": 0.33999991630347803,
    "niu23": 0.4999998165355537,
    "stiffness_matrix": [
        [
            168977.8,
            5849.704,
            5849.704,
            -7.163486e-14,
            3.03757e-13,
            3.5438320000000003e-13
        ],
        [
            5849.704,
            11402.509999999998,
            5802.506,
            2.3092639999999997e-14,
            1.177966e-13,
            2.2470910000000002e-13
        ],
        [
            5849.704,
            5802.506,
            11402.509999999998,
            -3.508305e-14,
            -8.393286e-14,
            3.300114e-15
        ],
        [
            -1.9184649999999998e-13,
            2.451372e-13,
            4.725109e-13,
            2799.9999999999995,
            -7.061018e-14,
            -3.1308289999999993e-14
        ],
        [
            2.145839e-12,
            -4.796163e-14,
            5.684342e-14,
            4.440892e-14,
            5599.999999999999,
            2.711165e-13
        ],
        [
            2.685852e-12,
            2.451372e-13,
            5.77316e-14,
            -1.5987209999999997e-14,
            5.062617e-14,
            5599.999999999999
        ]
    ],
    "compliance_matrix": [
        [
            6.060605977623519e-06,
            -2.060605525140355e-06,
            -2.060605525140355e-06,
            5.448105071928846e-22,
            -1.3176745075955008e-21,
            -1.547476558721205e-21
        ],
        [
            -2.0606055251403545e-06,
            0.00011904754857432795,
            -5.952375244617139e-05,
            -1.1495873207519126e-21,
            -4.355800046219139e-22,
            -4.1104007263723694e-21
        ],
        [
            -2.060605525140355e-06,
            -5.9523752446171396e-05,
            0.00011904754857432793,
            -6.5449281735696734e-21,
            1.109769816301684e-21,
            2.4076843181077042e-21
        ],
        [
            5.448105071928847e-22,
            -1.1495873207519124e-21,
            -6.5449281735696734e-21,
            0.0003571428571428572,
            8.354993622448977e-22,
            1.5081473214285716e-21
        ],
        [
            -1.3176745075955005e-21,
            -4.355800046219138e-22,
            1.1097698163016837e-21,
            8.354993622448979e-22,
            0.0001785714285714286,
            -5.1298257334183684e-21
        ],
        [
            -1.547476558721205e-21,
            -4.1104007263723694e-21,
            2.4076843181077042e-21,
            1.5081473214285716e-21,
            -5.1298257334183684e-21,
            0.0001785714285714286
        ]
    ],
    "C_avg": [
        [
            168977.8,
            5849.704,
            5849.704,
            -1.3174067999999998e-13,
            1.2247979999999998e-12,
            1.5201176e-12
        ],
        [
            5849.704,
            11402.509999999998,
            5802.506,
            1.3411492e-13,
            3.4917484999999996e-14,
            2.3492315e-13
        ],
        [
            5849.704,
            5802.506,
            11402.509999999998,
            2.18713925e-13,
            -1.354472e-14,
            3.0515857e-14
        ],
        [
            -1.3174067999999998e-13,
            1.3411492e-13,
            2.18713925e-13,
            2799.9999999999995,
            -1.3100629999999996e-14,
            -2.3647749999999994e-14
        ],
        [
            1.2247979999999998e-12,
            3.4917484999999996e-14,
            -1.354472e-14,
            -1.3100629999999996e-14,
            5599.999999999999,
            1.60871335e-13
        ],
        [
            1.5201176e-12,
            2.3492315e-13,
            3.0515857e-14,
            -2.3647749999999994e-14,
            1.60871335e-13,
            5599.999999999999
        ]
    ]
}